Player,Team,Pos,FPPG,FPPM,G,MPG,PPG,RPG,APG,BPG,SPG,OWN,ADP,CON,Poss/G,FPPP,Age
G. Antetokounmpo, MIL, F ,37.1,1.22,63,30.4,29.5,13.6,5.6,1,1,98.7,2,$27.5M,66.7,0.56,25
J. Harden, HOU, GF ,36.1,0.99,68,36.5,34.3,6.6,7.5,0.9,1.8,99.3,5.2,$41.3M,78.8,0.46,30.3
L. Doncic, DAL, G ,33.8,1.01,61,33.6,28.8,9.4,8.8,0.2,1,99.3,2.5,$8.0M,69.6,0.49,20.8
K. Towns, MIN, C ,33.3,0.98,35,33.9,26.5,10.8,4.4,1.2,0.9,98,8.8,$29.5M,72.5,0.46,24.1
A. Davis, LAL, FC ,32.3,0.94,62,34.4,26.1,9.3,3.2,2.3,1.5,98.7,4.7,$32.7M,72.1,0.45,26.8
L. James, LAL, G ,32.2,0.93,67,34.6,25.3,7.8,10.2,0.5,1.2,98.7,5.6,$39.2M,72.7,0.44,35
D. Lillard, POR, G ,31.8,0.85,66,37.5,30,4.3,8,0.3,1.1,99.3,9.4,$31.6M,78.8,0.4,29.4
K. Leonard, LAC, GF ,30.1,0.93,57,32.4,27.1,7.1,4.9,0.6,1.8,98.7,11.3,$34.4M,68.2,0.44,28.5
K. Irving, BKL, G ,29.8,0.9,20,32.9,27.4,5.2,6.4,0.5,1.4,96,21.3,$33.5M,71.2,0.42,27.7
N. Jokic, DEN, C ,29.8,0.93,73,32,19.9,9.7,7,0.6,1.2,98,9.8,$29.5M,64.8,0.46,24.8
T. Young, ATL, G ,29.7,0.84,60,35.3,29.6,4.3,9.3,0.1,1.1,99.3,11,$6.6M,76.2,0.39,21.3
R. Westbrook, HOU, G ,29.2,0.81,57,36,27.2,7.9,7,0.4,1.6,98,13.8,$41.4M,77.9,0.38,31.1
J. Embiid, PHI, C ,29.2,0.99,51,29.5,23,11.6,3,1.3,0.9,98.7,12.3,$29.5M,61.2,0.48,25.8
A. Drummond, DET, C ,29.1,0.88,57,33,17.7,15.2,2.7,1.6,1.9,97.3,22.8,$28.8M,67.5,0.43,26.4
J. Collins, ATL, FC ,28.9,0.87,41,33.2,21.6,10.1,1.5,1.6,0.8,96.7,26.9,$4.1M,71.2,0.41,22.2
D. Sabonis, IND, FC ,28.8,0.83,62,34.8,18.5,12.4,5,0.5,0.8,98.7,19.8,$19.8M,71.5,0.4,23.6
B. Beal, WAS, G ,28.6,0.79,57,36,30.5,4.2,6.1,0.4,1.2,98,23.3,$28.8M,77.3,0.37,26.5
H. Whiteside, POR, C ,28.2,0.94,67,30,15.5,13.5,1.2,2.9,0.4,97.3,34.2,$0.0M,62.9,0.45,30.5
J. Nurkic, POR, C ,27.6,0.87,8,31.6,17.6,10.3,4,2,1.4,97.3,31.9,$14.1M,66.9,0.41,25.3
N. Vucevic, ORL, C ,27.5,0.85,62,32.2,19.6,10.9,3.6,0.8,0.9,95.3,25.4,$26.0M,66.2,0.41,29.2
R. Gobert, UTA, C ,27.3,0.8,68,34.3,15.1,13.5,1.5,2,0.8,98,34,$26.5M,70.5,0.39,27.5
D. Booker, PHO, G ,26.9,0.75,70,35.9,26.6,4.2,6.5,0.3,0.7,98,19.6,$29.5M,75.6,0.36,23.1
C. Capela, HOU, C ,26.7,0.81,39,32.8,13.9,13.8,1.2,1.8,0.8,96.7,44.3,$16.0M,70.9,0.38,25.6
D. Ayton, PHO, C ,26.4,0.81,38,32.5,18.2,11.5,1.9,1.5,0.7,97.3,29.6,$10.0M,68.2,0.39,21.4
J. Butler, MIA, F ,26.1,0.77,58,33.8,19.9,6.7,6,0.6,1.8,96,21.9,$34.4M,68.7,0.38,30.3
B. Simmons, PHI, G ,26,0.73,57,35.4,16.4,7.8,8,0.6,2.1,96.7,24.8,$30.6M,73.2,0.36,23.4
B. Adebayo, MIA, FC ,25.8,0.77,72,33.6,15.9,10.2,5.1,1.3,1.1,98.7,22.2,$5.1M,68.6,0.38,22.4
D. DeRozan, SAS, F ,25.5,0.75,68,34.1,22.1,5.5,5.6,0.3,1,95.3,37.8,$27.7M,71.5,0.36,30.4
K. Porzingis, DAL, FC ,25.1,0.79,57,31.8,20.4,9.5,1.8,2,0.7,96.7,33.1,$29.5M,66.6,0.38,24.4
J. Tatum, BOS, F ,24.9,0.73,66,34.3,23.4,7,3,0.9,1.4,98.7,19.3,$9.9M,71.1,0.35,21.8
B. Ingram, NOR, F ,24.7,0.73,62,33.9,23.8,6.1,4.2,0.6,1,97.3,36.9,$0.0M,73.5,0.34,22.3
P. Siakam, TOR, F ,24.6,0.7,60,35.2,22.9,7.3,3.5,0.9,1,96.7,33,$30.6M,74.3,0.33,25.7
J. Valanciunas, MEM, C ,24.2,0.92,70,26.4,14.9,11.3,1.9,1.1,0.4,97.3,42.2,$15.0M,56.5,0.43,27.6
K. Middleton, MIL, F ,24.1,0.81,62,29.9,20.9,6.2,4.3,0.1,0.9,95.3,37.9,$33.1M,65.7,0.37,28.4
K. Lowry, TOR, G ,24,0.66,58,36.2,19.4,5,7.5,0.4,1.4,93.3,53.7,$30.5M,75.9,0.32,33.7
S. Curry, GSW, G ,23.9,0.86,5,27.9,20.8,5.2,6.6,0.4,1,98.7,11.8,$43.0M,62.2,0.38,31.8
Z. LaVine, CHI, GF ,23.8,0.68,60,34.8,25.5,4.8,4.2,0.5,1.5,98,37.8,$19.5M,71.9,0.33,24.8
C. Paul, OKL, G ,23.6,0.75,70,31.5,17.6,5,6.7,0.2,1.6,91.3,40.9,$41.4M,64.7,0.36,34.6
L. Aldridge, SAS, C ,23.5,0.71,53,33.1,18.9,7.4,2.4,1.6,0.7,94.7,55.2,$24.0M,69.2,0.34,34.4
K. Love, CLE, F ,23.3,0.73,56,31.8,17.6,9.8,3.2,0.3,0.6,93.3,54.3,$31.3M,65.3,0.36,31.3
P. George, LAC, F ,23,0.78,48,29.6,21.5,5.7,3.9,0.4,1.4,97.3,32,$35.5M,62.5,0.37,29.6
J. Randle, NYK, F ,22.9,0.7,64,32.5,19.5,9.7,3.1,0.3,0.8,97.3,48.4,$18.9M,66.9,0.34,25.1
J. Holiday, NOR, GF ,22.6,0.65,61,34.7,19.1,4.8,6.7,0.8,1.6,95.3,48.5,$26.2M,74.9,0.3,29.5
D. Russell, GSW, G ,22.6,0.7,45,32.3,23.1,3.9,6.3,0.3,1.1,95.3,43.4,$28.6M,69.3,0.33,23.8
D. Mitchell, UTA, G ,22.6,0.66,69,34.3,24,4.4,4.3,0.2,1,98,33,$5.2M,70.6,0.32,23.3
T. Harris, PHI, F ,22.5,0.66,72,34.3,19.6,6.9,3.2,0.6,0.7,90,56.3,$34.4M,70.9,0.32,27.4
D. Fox, SAC, G ,22.4,0.7,51,32,21.1,3.8,6.8,0.5,1.5,97.3,36.6,$8.1M,66.9,0.33,22
Z. Williamson, NOR, F ,22.3,0.8,24,27.8,22.5,6.3,2.1,0.4,0.7,99.3,20.2,$10.2M,61.3,0.36,19.5
G. Hayward, BOS, F ,22.2,0.66,52,33.5,17.5,6.7,4.1,0.4,0.7,90.7,50.7,$28.5M,70,0.32,29.8
C. McCollum, POR, G ,21.9,0.6,70,36.5,22.2,4.2,4.4,0.6,0.8,91.3,60,$29.4M,77,0.28,28.3
M. Harrell, LAC, C ,21.7,0.78,63,27.8,18.6,7.1,1.7,1.1,0.6,98,48.2,$9.3M,59.2,0.37,25.9
S. Gilgeous-Alexander, OKL, G ,21.3,0.62,70,34.7,19,5.9,3.3,0.7,1.1,97.3,42.9,$4.1M,71.2,0.3,21.4
K. Walker, BOS, G ,21.1,0.68,56,31.1,20.4,3.9,4.8,0.5,0.9,91.3,69.6,$34.4M,64.5,0.33,29.6
A. Wiggins, MIN, F ,21.1,0.61,54,34.4,21.8,5.1,3.7,1,0.8,92,63.3,$29.5M,73,0.29,24.8
F. VanVleet, TOR, G ,21.1,0.59,54,35.7,17.6,3.8,6.6,0.3,1.9,91.3,64.6,$0.0M,74.8,0.28,25.8
J. Brown, BOS, GF ,21,0.62,57,33.9,20.3,6.4,2.1,0.4,1.1,94.7,54.8,$23.7M,70.1,0.3,23.2
M. Brogdon, IND, G ,20.7,0.67,54,30.9,16.5,4.9,7.1,0.2,0.6,94,57.2,$20.7M,63.6,0.33,27
S. Dinwiddie, BKL, G ,20.6,0.66,64,31.2,20.6,3.5,6.8,0.3,0.6,91.3,83,$11.5M,65.6,0.31,26.7
J. Allen, BKL, C ,20.4,0.77,70,26.5,11.1,9.6,1.6,1.3,0.6,95.3,68,$3.9M,56,0.36,21.7
R. Rubio, PHO, G ,20.3,0.66,65,31,13,4.7,8.8,0.2,1.4,92.7,71.8,$17.0M,65.6,0.31,29.2
K. Oubre Jr., PHO, F ,20.3,0.59,56,34.5,18.7,6.4,1.5,0.7,1.3,91.3,74.2,$14.4M,73,0.28,24
J. Morant, MEM, G ,20.3,0.65,67,31,17.8,3.9,7.3,0.3,0.9,96.7,34.6,$9.2M,66.4,0.31,20.4
T. Warren, IND, F ,20.2,0.61,67,32.9,19.8,4.2,1.5,0.5,1.2,92,73.1,$12.0M,67.8,0.3,26.3
R. Holmes, SAC, C ,20.2,0.71,44,28.2,12.3,8.1,1,1.3,0.9,82.7,99.3,$5.0M,57.6,0.35,26.2
J. Murray, DEN, G ,20.1,0.62,59,32.3,18.5,4,4.8,0.3,1.1,96.7,43.2,$27.3M,65.2,0.31,22.8
D. Graham, CHA, G ,19.9,0.57,63,35.1,18.2,3.4,7.5,0.2,1,92,81.6,$1.7M,69.9,0.28,24.8
T. Thompson, CLE, C ,19.8,0.65,57,30.2,12,10.1,2.1,0.9,0.6,88.7,85,$9.3M,62.1,0.32,28.8
S. Adams, OKL, C ,19.7,0.74,63,26.7,10.9,9.3,2.3,1.1,0.8,92,72,$27.5M,54.6,0.36,26.4
S. Ibaka, TOR, C ,19.6,0.73,55,27,15.4,8.2,1.4,0.8,0.5,97.3,64.2,$9.3M,56.6,0.35,30.3
W. Barton, DEN, GF ,19.5,0.59,58,33,15.1,6.3,3.7,0.5,1.1,85.3,98.9,$13.7M,67,0.29,29
A. Gordon, ORL, F ,19.5,0.6,62,32.5,14.4,7.7,3.7,0.6,0.8,90.7,73.3,$18.1M,66.9,0.29,24.3
T. Bryant, WAS, C ,19.5,0.78,46,24.9,13.2,7.2,1.8,1.1,0.5,96,72,$8.3M,53.8,0.36,22.4
D. Gallinari, OKL, F ,19.4,0.66,62,29.6,18.7,5.2,1.9,0.1,0.7,92,79,$19.5M,60.8,0.32,31.4
A. Horford, PHI, FC ,18.9,0.62,67,30.2,11.9,6.8,4,0.9,0.8,85.3,79.6,$27.5M,62.5,0.3,33.6
D. Favors, NOR, C ,18.8,0.77,51,24.4,9,9.8,1.6,0.9,0.6,92,86.2,$0.0M,52.9,0.36,28.4
E. Bledsoe, MIL, G ,18.7,0.69,61,27,14.9,4.6,5.4,0.4,0.9,94,81.8,$16.9M,59.6,0.31,30
T. Rozier, CHA, G ,18.7,0.54,63,34.4,18,4.4,4.1,0.2,1,75.3,115.5,$18.9M,68.4,0.27,25.8
L. Ball, NOR, G ,18.7,0.58,63,32.1,11.8,6.1,7,0.6,1.4,89.3,78.5,$11.0M,69.8,0.27,22.1
D. Jordan, BKL, C ,18.6,0.84,56,22,8.3,10,1.9,0.9,0.3,89.3,88,$10.4M,46.7,0.4,31.4
B. Hield, SAC, GF ,18.6,0.6,72,30.8,19.2,4.6,3,0.2,0.9,89.3,81.4,$24.7M,63.3,0.29,27
W. Carter Jr., CHI, C ,18.6,0.64,43,29.2,11.3,9.4,1.2,0.8,0.8,86.7,97.5,$5.4M,60.8,0.31,20.7
D. Rose, DET, G ,18.5,0.71,50,26,18.1,2.4,5.6,0.3,0.8,93.3,74.4,$7.7M,53.4,0.35,31.2
D. Schroder, OKL, G ,18.4,0.6,65,30.8,18.9,3.6,4,0.2,0.7,90.7,84.2,$16.0M,63.2,0.29,26.3
J. Isaac, ORL, F ,18.4,0.64,34,28.8,11.9,6.8,1.4,2.3,1.6,54.7,112.7,$7.4M,59.1,0.31,22.2
C. Sexton, CLE, G ,18.3,0.55,65,33,20.8,3.1,3,0.1,1,86,88.2,$5.0M,67.8,0.27,21
B. Bogdanovic, UTA, F ,18.1,0.55,63,33.1,20.2,4.1,2.1,0.1,0.5,74,103.6,$17.9M,68,0.27,30.7
J. Jackson Jr., MEM, FC ,18.1,0.63,57,28.5,17.4,4.6,1.4,1.6,0.7,92.7,74.5,$7.3M,61.2,0.3,20.3
L. Williams, LAC, G ,18,0.63,65,28.7,18.2,3.1,5.6,0.2,0.7,94.7,84.4,$8.0M,60.9,0.29,33.2
C. LeVert, BKL, GF ,17.9,0.61,45,29.6,18.7,4.2,4.4,0.2,1.2,94,77.8,$16.2M,62.9,0.28,25.3
M. Robinson, NYK, C ,17.9,0.77,61,23.2,9.7,7,0.6,2,0.9,90.7,70.7,$1.7M,47.6,0.38,21.7
E. Fournier, ORL, GF ,17.5,0.56,66,31.4,18.5,2.6,3.2,0.2,1.1,71.3,114.9,$17.2M,64.4,0.27,27.1
N. Bjelica, SAC, F ,17.4,0.62,72,27.9,11.5,6.4,2.8,0.6,0.9,74,128.2,$7.2M,57.6,0.3,31.6
R. Covington, MIN, FC ,17.3,0.57,70,30.5,12.4,6.6,1.3,1.3,1.6,78,99.7,$12.1M,65.5,0.26,29
L. Kennard, DET, GF ,17.2,0.52,28,32.9,15.8,3.5,4.1,0.2,0.4,58,146.4,$5.3M,67.8,0.25,23.5
B. Clarke, MEM, F ,17.2,0.77,58,22.4,12.1,5.9,1.4,0.8,0.6,94.7,73.5,$2.6M,48.3,0.36,23.3
D. Bertans, WAS, F ,17.1,0.58,54,29.3,15.4,4.5,1.7,0.6,0.7,70.7,121.1,$0.0M,63.1,0.27,27.1
M. Turner, IND, C ,17.1,0.58,62,29.4,12.1,6.6,1.2,2.1,0.7,82.7,95.3,$18.0M,60.7,0.28,23.7
L. Nance Jr., CLE, FC ,17.1,0.65,56,26.3,10.1,7.3,2.2,0.4,1,86,96.5,$11.7M,54.2,0.32,27
M. Bagley III, SAC, C ,17.1,0.67,13,25.7,14.2,7.5,0.8,0.9,0.5,91.3,85.6,$9.0M,52.2,0.33,20.8
C. Wood, DET, FC ,17,0.8,62,21.4,13.1,6.3,1,0.9,0.5,96.7,53.3,$13.0M,43.3,0.39,24.2
G. Dragic, MIA, G ,16.9,0.6,59,28.2,16.2,3.2,5.1,0.2,0.7,80,99.2,$0.0M,57.9,0.29,33.6
J. Parker, ATL, F ,16.9,0.7,38,24.2,14,5.6,1.8,0.4,1.2,90.7,115.8,$6.5M,52,0.33,24.8
M. Morris, NYK, F ,16.8,0.54,63,31.2,16.6,5,1.4,0.5,0.8,60.7,137.1,$14.9M,64.1,0.26,30.3
E. Payton, NYK, G ,16.8,0.61,45,27.7,10,4.7,7.2,0.4,1.6,82.7,102.9,$8.0M,57.2,0.29,25.8
N. Powell, TOR, G ,16.8,0.59,52,28.4,16,3.7,1.8,0.4,1.2,72,127.5,$10.9M,60.2,0.28,26.6
L. Markkanen, CHI, FC ,16.8,0.56,50,29.8,14.7,6.3,1.5,0.5,0.8,92,77.5,$6.7M,62.2,0.27,22.6
C. Anthony, POR, F ,16.7,0.51,58,32.8,15.4,6.3,1.5,0.5,0.8,78,110.1,$0.0M,68.5,0.24,35.6
D. Murray, SAS, G ,16.7,0.65,66,25.6,10.9,5.8,4.1,0.3,1.7,92.7,79.1,$14.3M,53.7,0.31,23.3
A. Burks, GSW, GF ,16.6,0.62,66,26.6,15,4.3,2.9,0.3,0.9,73.3,130.4,$0.0M,55.1,0.3,28.4
D. Green, GSW, F ,16.5,0.58,43,28.4,8,6.2,6.2,0.8,1.4,90,83.9,$22.2M,59.7,0.28,29.8
M. Smart, BOS, G ,16.5,0.51,60,32,12.9,3.8,4.9,0.5,1.7,72.7,112.3,$13.4M,66.5,0.25,25.8
D. Theis, BOS, C ,16.4,0.68,65,24.1,9.2,6.6,1.7,1.3,0.6,72.7,110.5,$5.0M,50.1,0.33,27.7
R. Hachimura, WAS, F ,16.4,0.54,48,30.1,13.5,6.1,1.8,0.2,0.8,86.7,102,$4.7M,64.8,0.25,21.9
H. Barnes, SAC, F ,16.2,0.47,72,34.5,14.5,4.9,2.2,0.2,0.6,64.7,138.1,$22.2M,71,0.23,27.6
C. Zeller, CHA, C ,16,0.69,58,23.1,11.1,7.1,1.5,0.4,0.7,72,131.3,$15.4M,46.4,0.35,27.2
B. Bogdanovic, SAC, GF ,16,0.55,61,28.9,15.1,3.4,3.4,0.2,1,88,87.4,$18.0M,59.6,0.27,27.3
B. Lopez, MIL, C ,15.7,0.59,68,26.7,12,4.6,1.5,2.4,0.7,72,115.1,$12.7M,58.8,0.27,31.7
J. Harris, BKL, F ,15.7,0.51,69,30.8,14.5,4.3,2.1,0.2,0.6,60,149,$16.1M,65,0.24,28.3
I. Zubac, LAC, C ,15.6,0.84,72,18.4,8.3,7.5,1.1,0.9,0.2,87.3,98.8,$7.0M,39,0.4,22.8
P. Millsap, DEN, F ,15.5,0.64,51,24.3,11.6,5.7,1.6,0.6,0.9,71.3,126.4,$10.0M,49.3,0.31,34.9
J. Crowder, MEM, F ,15.3,0.53,65,28.8,10.5,5.9,2.5,0.4,1.1,62.7,144.7,$0.0M,61.5,0.25,29.5
M. Chriss, GSW, C ,15.3,0.75,59,20.3,9.3,6.2,1.9,1.1,0.7,77.3,125.1,$1.8M,42.3,0.36,22.5
D. Lee, GSW, G ,15.3,0.53,49,29,12.7,4.9,2.7,0.1,1,35.3,189.3,$1.8M,60.9,0.25,27.2
M. Conley, UTA, G ,15.2,0.52,47,29,14.4,3.2,4.4,0.1,0.8,68.7,123.6,$34.5M,60.1,0.25,32.2
E. Paschall, GSW, F ,15.2,0.55,60,27.6,14,4.6,2.1,0.2,0.5,65.3,145.6,$1.5M,57.6,0.26,23.1
T. Hardaway Jr., DAL, GF ,15.1,0.51,71,29.5,15.8,3.3,1.9,0.1,0.6,58.7,147.3,$19.0M,61.3,0.25,27.8
O. Anunoby, TOR, F ,15.1,0.5,69,29.9,10.6,5.3,1.6,0.7,1.4,78,116.2,$3.9M,62.9,0.24,22.4
K. Huerter, ATL, GF ,15.1,0.48,56,31.4,12.2,4.1,3.8,0.5,0.9,60,157.4,$2.8M,67.6,0.22,21.3
D. Saric, PHO, F ,15,0.61,66,24.7,10.7,6.2,1.9,0.2,0.6,66,137,$0.0M,52.5,0.28,25.7
M. Bridges, CHA, F ,15,0.49,65,30.7,13,5.6,1.8,0.7,0.6,66.7,139.2,$3.9M,61.4,0.24,21.8
P. Washington, CHA, F ,15,0.5,58,30.3,12.2,5.4,2.1,0.8,0.9,72,126.7,$4.0M,60.5,0.25,21.3
J. Lamb, IND, G ,14.9,0.53,46,28.1,12.5,4.3,2.1,0.5,1.2,42,176.2,$10.5M,57.8,0.26,27.6
D. Powell, DAL, C ,14.9,0.56,40,26.5,9.4,5.7,1.5,0.6,0.9,59.3,144.5,$11.1M,54.3,0.27,28.4
T. Satoransky, CHI, G ,14.9,0.52,65,28.9,9.9,3.9,5.4,0.1,1.2,52,163.9,$10.0M,59.8,0.25,28.1
M. Fultz, ORL, G ,14.9,0.54,72,27.7,12.1,3.3,5.1,0.2,1.3,82.7,106.2,$12.3M,57,0.26,21.6
J. Hart, NOR, F ,14.8,0.55,65,27,10.1,6.5,1.7,0.4,1,46,156.6,$3.5M,58.7,0.25,24.8
A. Baynes, PHO, C ,14.7,0.66,42,22.2,11.5,5.6,1.6,0.5,0.2,70.7,115.5,$0.0M,47.4,0.31,33
J. Winslow, MIA, F ,14.7,0.46,11,32,11.3,6.6,4,0.5,0.6,48.7,170.9,$13.0M,68.3,0.22,23.7
K. Nunn, MIA, G ,14.7,0.5,67,29.3,15.3,2.7,3.3,0.2,0.8,72.7,138.8,$1.7M,60,0.25,24.4
M. Gasol, TOR, C ,14.6,0.55,44,26.4,7.5,6.3,3.3,0.9,0.8,76.7,116.1,$2.6M,56,0.26,34.9
E. Kanter, BOS, C ,14.6,0.86,58,17,8.1,7.4,1,0.7,0.4,86,112.3,$5.0M,35.2,0.42,27.6
J. Ingles, UTA, GF ,14.6,0.49,72,29.7,9.8,3.9,5.2,0.2,0.9,55.3,147.9,$10.9M,61.1,0.24,32.2
D. White, SAS, G ,14.6,0.59,68,24.7,11.3,3.3,3.5,0.9,0.6,80,117,$3.5M,51.9,0.28,25.5
T. Brown Jr., WAS, GF ,14.6,0.57,69,25.8,10.4,5.6,2.6,0.1,1.2,65.3,142.5,$3.4M,55.2,0.26,20.4
J. Redick, NOR, G ,14.5,0.55,60,26.3,15.3,2.5,2,0.2,0.3,44.7,175,$13.0M,57.1,0.25,35.5
I. Smith, WAS, G ,14.3,0.55,68,26.3,10.9,3.2,4.9,0.4,0.9,38,180.3,$6.0M,56.5,0.25,31.5
C. Payne, PHO, G ,14.3,0.62,8,22.9,10.9,3.9,3,0.3,1,27.3,187.3,$2.0M,48.5,0.29,25.4
D. Robinson, MIA, GF ,14.3,0.48,73,29.7,13.5,3.2,1.4,0.3,0.5,63.3,131.1,$1.7M,60.8,0.23,25.7
B. Griffin, DET, F ,14.2,0.5,18,28.5,15.5,4.7,3.3,0.4,0.4,89.3,74.4,$36.8M,58.2,0.24,30.8
G. Robinson III, GSW, GF ,14.2,0.49,62,28.8,11.7,4.4,1.5,0.3,0.9,42.7,181.7,$0.0M,59.9,0.24,26
D. Finney-Smith, DAL, F ,14.2,0.47,71,29.9,9.5,5.7,1.6,0.5,0.6,30.7,188.3,$4.0M,61.9,0.23,26.6
D. Brooks, MEM, GF ,14.2,0.49,73,28.9,16.2,3.3,2.1,0.4,0.9,69.3,133.8,$11.4M,62,0.23,23.9
P. Beverley, LAC, G ,14.1,0.54,51,26.3,7.9,5.2,3.6,0.5,1.1,40,182,$13.3M,56,0.25,31.4
J. Richardson, PHI, G ,14.1,0.46,55,30.8,13.7,3.2,2.9,0.7,0.9,59.3,148.1,$10.9M,63.7,0.22,26.3
D. Howard, LAL, C ,14,0.74,69,18.9,7.5,7.3,0.7,1.1,0.4,76.7,132.4,$0.0M,40.1,0.35,34
J. Clarkson, CLE, G ,14,0.58,71,24,15.2,2.6,1.9,0.2,0.6,64.7,134.4,$0.0M,49.2,0.29,27.5
R. Gay, SAS, F ,13.9,0.64,67,21.8,10.8,5.4,1.7,0.5,0.5,70,137.8,$14.5M,46.1,0.3,33.4
T. Herro, MIA, G ,13.9,0.51,55,27.4,13.5,4.1,2.2,0.2,0.6,88.7,89.7,$3.8M,56.4,0.25,19.9
T. Ross, ORL, GF ,13.8,0.51,69,27.4,14.7,3.2,1.2,0.3,1.1,52,155.2,$13.5M,56.2,0.25,28.9
B. Brown Jr., DET, G ,13.8,0.49,58,28.2,8.9,4.7,4,0.5,1.1,24.7,208.5,$1.7M,57.2,0.24,23.3
T. Prince, BKL, F ,13.7,0.47,64,29,12.1,6,1.8,0.4,0.9,31.3,197.7,$12.6M,61.3,0.22,25.3
J. Teague, MIN, G ,13.6,0.55,59,24.8,10.9,2.4,5.2,0.3,0.7,61.3,142.2,$1.6M,53.1,0.26,31.5
V. Oladipo, IND, GF ,13.6,0.49,19,27.8,14.5,3.9,2.9,0.2,0.9,92,75.8,$21.0M,58.1,0.23,27.6
W. Cauley-Stein, GSW, C ,13.6,0.67,54,20.3,7.2,5.8,1.3,1.1,0.9,63.3,150.6,$4.1M,42.4,0.32,26.3
M. Kleber, DAL, FC ,13.6,0.53,74,25.5,9.1,5.2,1.2,1.1,0.3,48.7,151.3,$8.3M,52.9,0.26,27.9
P. Tucker, HOU, FC ,13.4,0.39,72,34.3,6.9,6.6,1.6,0.5,1.1,35.3,168.4,$8.0M,74,0.18,34.6
N. Noel, OKL, C ,13.4,0.72,61,18.5,7.4,4.9,0.9,1.5,1,68,141.6,$0.0M,38,0.35,25.7
M. Bridges, PHO, F ,13.4,0.48,73,28,9.1,4,1.8,0.6,1.4,60,152.1,$4.4M,59.1,0.23,23.3
D. DiVincenzo, MIL, G ,13.4,0.58,66,23,9.2,4.8,2.3,0.3,1.3,70,144.8,$3.0M,50.5,0.26,22.9
R. Barrett, NYK, GF ,13.4,0.44,56,30.4,14.3,5,2.6,0.3,1,88.7,99.9,$8.2M,63.1,0.21,19.5
O. Porter Jr., CHI, F ,13.3,0.56,14,23.6,11.9,3.4,1.8,0.4,1.1,62,142.8,$28.5M,49.9,0.27,26.6
J. Grant, DEN, F ,13.3,0.5,71,26.6,12,3.5,1.2,0.8,0.7,72,119.6,$19.1M,54.1,0.25,25.8
D. House, HOU, F ,13.2,0.43,63,30.4,10.5,4.2,1.3,0.5,1.1,28.7,192.8,$3.7M,65.7,0.2,26.5
T. Young, CHI, F ,13.1,0.53,64,24.9,10.3,4.9,1.8,0.4,1.4,40.7,188.6,$13.5M,51.6,0.25,31.5
R. Jackson, DET, G ,13.1,0.54,31,24,11.9,3,4.1,0.2,0.4,46,171,$1.6M,48.5,0.27,29.7
S. Napier, MIN, G ,13,0.54,56,24,10.3,2.8,4.7,0.2,1.2,24,239.9,$0.0M,51.4,0.25,28.4
G. Hill, MIL, G ,12.9,0.6,59,21.5,9.4,3,3.1,0.1,0.8,51.3,176.8,$9.6M,47.3,0.27,33.6
K. Kuzma, LAL, F ,12.9,0.51,61,25,12.8,4.5,1.3,0.4,0.5,73.3,143,$3.6M,52.9,0.24,24.4
S. Curry, DAL, G ,12.8,0.52,64,24.6,12.4,2.3,1.9,0.1,0.6,56,155,$7.8M,51.3,0.25,29.3
D. Hunter, ATL, F ,12.8,0.4,63,32,12.3,4.5,1.8,0.3,0.7,48,163,$7.4M,68.8,0.19,22.1
C. White, CHI, G ,12.8,0.5,65,25.8,13.2,3.5,2.7,0.1,0.8,84,109.8,$5.6M,53.7,0.24,19.8
A. Len, ATL, C ,12.7,0.72,55,17.6,8,5.8,0.9,0.9,0.4,54,167.3,$0.0M,37.8,0.34,26.5
R. Hood, POR, F ,12.7,0.43,21,29.5,11,3.4,1.5,0.2,0.8,24,208.4,$6.0M,63.3,0.2,27.2
J. Poeltl, SAS, C ,12.7,0.72,66,17.7,5.6,5.7,1.8,1.4,0.6,70,131.1,$0.0M,37.6,0.34,24.2
J. McGee, LAL, C ,12.6,0.76,68,16.6,6.6,5.7,0.5,1.4,0.5,61.3,163.8,$4.2M,35.3,0.36,31.9
E. Mika, SAC, FC ,12.6,0.66,1,19.1,6,7,0,0,0,0.7,450,$-M,40,0.32,25
G. Dieng, MIN, C ,12.5,0.72,63,17.4,7.4,5.6,1.2,0.9,0.8,46,172.3,$17.3M,37.2,0.34,29.9
B. Portis, NYK, FC ,12.5,0.59,66,21.1,10.1,5.1,1.5,0.3,0.5,71.3,127.6,$15.8M,43.6,0.29,24.9
R. O'Neale, UTA, F ,12.5,0.43,71,28.9,6.3,5.5,2.5,0.5,0.8,19.3,212.4,$8.5M,59.4,0.21,26.5
I. Mahinmi, WAS, C ,12.4,0.58,38,21.3,7.4,5.7,1.3,1.2,0.8,12,236,$0.0M,45.4,0.27,33.1
D. Augustin, ORL, G ,12.4,0.5,57,24.9,10.5,2.1,4.6,0,0.6,26.7,202.6,$0.0M,51.4,0.24,32.1
M. Plumlee, DEN, C ,12.4,0.72,61,17.3,7.2,5.2,2.5,0.6,0.5,72.7,119.9,$8.0M,35.2,0.35,29.8
C. Osman, CLE, F ,12.4,0.42,65,29.4,11,3.6,2.4,0.2,0.8,28,193,$8.8M,60.5,0.2,24.7
M. Porter Jr., DEN, F ,12.4,0.75,55,16.4,9.3,4.7,0.8,0.5,0.5,93.3,69.4,$3.6M,33.5,0.37,21.5
T. Ariza, SAC, F ,12.3,0.44,53,28.2,8,4.6,1.7,0.3,1.3,22.7,217.2,$12.8M,58.5,0.21,34.5
K. Dunn, CHI, G ,12.3,0.5,51,24.9,7.3,3.6,3.4,0.3,2,33.3,209.6,$4.8M,51.5,0.24,25.8
D. Jones Jr., MIA, F ,12.3,0.53,59,23.3,8.5,3.9,1.1,0.6,1,40.7,177.7,$0.0M,47.5,0.26,22.8
M. Wagner, WAS, C ,12.3,0.66,45,18.6,8.7,4.9,1.2,0.4,0.6,45.3,180.2,$2.2M,40.1,0.31,22.7
G. Temple, BKL, G ,12.2,0.44,62,27.9,10.3,3.5,2.5,0.5,0.8,11.3,253.5,$4.8M,59.1,0.21,33.6
J. McRae, WAS, GF ,12.1,0.57,37,21.2,11.5,3.4,2.5,0.4,0.6,10,450,$-M,45,0.27,28.7
D. Wright, DAL, GF ,12.1,0.56,73,21.5,6.9,3.8,3.3,0.3,1.2,59.3,146.6,$9.0M,44.8,0.27,27.7
Z. Collins, POR, FC ,12.1,0.46,11,26.4,7,6.3,1.5,0.5,0.5,43.3,167.5,$5.4M,56,0.22,22.1
K. Olynyk, MIA, C ,12,0.62,67,19.4,8.2,4.6,1.7,0.3,0.7,46,170.5,$13.2M,40.2,0.3,28.7
F. Kaminsky, PHO, C ,12,0.6,39,19.9,9.7,4.5,1.9,0.3,0.4,40.7,175.7,$5.0M,43,0.28,26.7
B. Biyombo, CHA, C ,11.8,0.61,53,19.4,7.4,5.8,0.9,0.9,0.2,35.3,179.5,$3.5M,38.8,0.3,27.3
J. Johnson, MIA, F ,11.7,0.61,32,19.4,8.4,3.7,2.3,1,0.8,28,199.5,$16.0M,41.5,0.28,32.8
G. Harris, DEN, G ,11.7,0.37,56,31.8,10.4,2.9,2.1,0.3,1.4,24.7,203.4,$19.6M,64.3,0.18,25.3
J. Green, LAC, F ,11.5,0.55,63,20.7,6.8,6.2,0.8,0.4,0.5,32,209.9,$7.2M,44,0.26,29.5
T. McConnell, IND, G ,11.5,0.62,71,18.7,6.5,2.7,5,0.2,0.8,56.7,158.4,$3.5M,38.7,0.3,27.7
J. Okogie, MIN, GF ,11.5,0.46,62,25,8.6,4.3,1.6,0.4,1.1,34,188.2,$2.7M,54.1,0.21,21.3
K. Johnson, SAS, F ,11.4,0.65,17,17.7,9.1,3.4,0.9,0.1,0.8,42.7,170.2,$2.0M,38.2,0.3,20.3
T. Lyles, SAS, F ,11.3,0.56,63,20.2,6.4,5.7,1.1,0.4,0.4,31.3,202.5,$5.5M,42.3,0.27,24.1
M. Morris, DEN, G ,11.3,0.51,73,22.4,9,1.9,3.5,0.2,0.8,36.7,178.7,$1.7M,45.6,0.25,24.5
E. Gordon, HOU, F ,11.2,0.4,36,28.2,14.4,2,1.5,0.4,0.6,31.3,182.4,$16.9M,62,0.18,31
P. Mills, SAS, G ,11.2,0.5,66,22.5,11.6,1.6,1.8,0.1,0.8,21.3,232.3,$13.3M,47.1,0.24,31.4
J. Okafor, NOR, C ,11.2,0.72,30,15.6,8.1,4.2,1.2,0.7,0.2,49.3,160.6,$1.9M,33.9,0.33,24
J. Holiday, IND, GF ,11.1,0.45,73,25,8.3,3.3,1.3,0.6,1.2,28.7,199.3,$5.7M,51.7,0.22,30.7
R. Hollis-Jefferson, TOR, F ,11.1,0.59,60,18.7,7,4.7,1.8,0.4,0.8,41.3,185.6,$0.0M,39.2,0.28,25
A. Holiday, IND, G ,11.1,0.45,66,24.5,9.5,2.4,3.4,0.2,0.8,28,204.9,$2.3M,50.8,0.22,23.2
I. Thomas, WAS, G ,11,0.48,40,23.1,12.2,1.7,3.7,0.2,0.3,18.7,220.7,$-M,49.9,0.22,30.9
S. Labissiere, POR, C ,11,0.64,33,17.2,5.8,5.1,1.3,0.9,0.2,16.7,222.2,$-M,36.7,0.3,23.8
R. Williams III, BOS, C ,11,0.82,29,13.4,5.2,4.4,0.9,1.2,0.8,58,159.5,$2.0M,28.1,0.39,22.2
D. Melton, MEM, G ,11,0.57,60,19.5,7.6,3.7,2.9,0.3,1.3,45.3,177.1,$9.6M,41.8,0.26,21.6
N. Reid, MIN, C ,11,0.67,30,16.5,9,4.1,1.2,0.7,0.6,38.7,177.8,$1.5M,36.6,0.3,20.3
J. McLaughlin, MIN, G ,11,0.56,30,19.7,7.6,1.6,4.2,0.1,1.1,18,205.5,$-M,43.1,0.26,23.7
R. Rondo, LAL, G ,10.9,0.53,48,20.5,7.1,3,5,0,0.8,58,166.7,$7.5M,43.1,0.25,33.8
D. Garland, CLE, G ,10.9,0.35,59,30.9,12.3,1.9,3.9,0.1,0.7,46,169.6,$6.7M,63.6,0.17,19.9
J. Hayes, NOR, C ,10.9,0.65,64,16.9,7.4,4,0.9,0.9,0.4,55.3,163.5,$5.1M,36.5,0.3,19.6
C. Reddish, ATL, F ,10.9,0.41,58,26.7,10.5,3.7,1.5,0.5,1.1,62,156.7,$4.5M,57.8,0.19,20.3
M. Morris, DET, F ,10.8,0.53,58,20.5,9.7,3.8,1.3,0.3,0.5,33.3,205.6,$1.6M,42.6,0.25,30.3
L. Galloway, DET, G ,10.8,0.42,66,25.8,10.3,2.3,1.5,0.2,0.7,10,245,$-M,52.5,0.21,28
M. Beasley, DEN, G ,10.8,0.49,55,22,11.2,2.7,1.4,0.1,0.7,41.3,165.8,$0.0M,46.5,0.23,23.1
S. Milton, PHI, GF ,10.8,0.54,40,20.1,9.4,2.2,2.6,0.2,0.5,41.3,163.8,$1.7M,41.9,0.26,23.2
C. Johnson, PHO, F ,10.8,0.49,57,22,8.8,3.3,1.2,0.4,0.6,36.7,187.9,$4.2M,46.8,0.23,23.8
K. Bazemore, POR, GF ,10.7,0.43,68,24.8,8.8,4.3,1.4,0.6,1.1,31.3,202.9,$1.6M,52.2,0.2,30.5
K. Anderson, MEM, F ,10.7,0.54,67,19.8,5.8,4.3,2.4,0.6,0.8,32.7,199,$9.5M,42.7,0.25,26.3
K. Porter Jr., CLE, GF ,10.7,0.46,50,23.2,10,3.2,2.2,0.3,0.9,45.3,170,$1.7M,48,0.22,19.6
M. Carter-Williams, ORL, G ,10.6,0.57,45,18.5,7.2,3.3,2.4,0.5,1.1,27.3,206.5,$0.0M,38.3,0.28,28.2
T. Jones, MEM, G ,10.6,0.56,65,19,7.4,1.6,4.4,0.1,0.9,39.3,188.7,$8.8M,40.8,0.26,23.6
M. Mulder, GSW, G ,10.6,0.37,7,29.1,11,3.3,1.1,0.1,0.3,1.3,450,$1.5M,60.1,0.18,25.5
D. Green, LAL, F ,10.5,0.42,68,24.8,8,3.3,1.3,0.5,1.3,26,208.2,$15.4M,52.3,0.2,32.5
D. McDermott, IND, F ,10.5,0.53,69,19.9,10.3,2.5,1.1,0.1,0.2,20,245.1,$7.3M,41.3,0.25,28
M. Monk, CHA, G ,10.5,0.5,55,21.3,10.3,2.9,2.1,0.3,0.5,26,231,$5.3M,43,0.25,21.9
B. Forbes, SAS, G ,10.4,0.42,63,25.1,11.2,2,1.7,0,0.5,21.3,234.4,$0.0M,52.4,0.2,26.4
C. Boucher, TOR, FC ,10.4,0.79,62,13.2,6.6,4.5,0.4,1,0.4,86.7,100.6,$0.0M,27.9,0.37,26.9
O. Spellman, GSW, FC ,10.4,0.57,49,18.1,7.6,4.5,1,0.5,0.7,32.7,215.1,$2.0M,38,0.27,22.4
D. Waiters, MIA, G ,10.3,0.5,10,20.7,11.1,2.4,2,0.6,0.4,6.7,450,$12.7M,43.6,0.24,28
M. Leonard, MIA, C ,10.3,0.51,51,20.3,6.1,5.1,1.1,0.3,0.3,36,193.5,$0.0M,41.5,0.25,27.8
B. Marjanovic, DAL, C ,10.3,1,41,10.3,7,4.8,0.5,0.2,0.2,73.3,153.6,$3.5M,21.5,0.48,31.4
E. Ilyasova, MIL, F ,10.2,0.65,63,15.7,6.6,4.8,0.8,0.3,0.4,11.3,450,$7.0M,34.5,0.3,32.6
J. Green, UTA, FC ,10.2,0.51,48,20,9.4,2.8,1,0.4,0.5,22.7,214.4,$1.6M,42.9,0.24,33.3
H. Giles, SAC, C ,10.2,0.7,46,14.5,6.9,4.1,1.3,0.4,0.5,48.7,163.5,$0.0M,30.5,0.33,21.7
M. Bamba, ORL, C ,10.2,0.72,62,14.2,5.4,4.9,0.7,1.4,0.4,57.3,169.2,$6.0M,29.3,0.35,21.6
J. Brunson, DAL, G ,10.2,0.57,57,17.9,8.2,2.4,3.3,0.1,0.4,34.7,198,$1.7M,37.1,0.27,23.3
D. Bender, MIL, F ,10.1,0.56,16,17.8,6.7,4.6,1.8,0.6,0.3,6.7,450,$-M,38,0.27,22.1
T. Gibson, NYK, C ,10,0.61,62,16.5,6.1,4.3,0.8,0.5,0.4,8.7,450,$9.5M,34.3,0.29,34.5
B. McLemore, HOU, G ,10,0.44,71,22.8,10.1,2.2,0.8,0.2,0.6,14.7,231.7,$2.3M,49.5,0.2,26.9
K. Caldwell-Pope, LAL, GF ,10,0.39,69,25.5,9.3,2.1,1.6,0.2,0.8,21.3,214.7,$12.1M,53.8,0.19,26.8
J. Jackson, MEM, F ,10,0.57,22,17.3,9,3,1.6,0.4,0.8,38.7,190.5,$4.8M,37.1,0.27,22.9
D. Cacok, LAL, C ,10,1.13,1,8.9,6,5,1,0,0,2,450,$0.0M,20,0.5,23.2
J. Henson, CLE, F ,9.9,0.66,40,15,5.5,4.1,1.4,1.1,0.6,15.3,450,$-M,30.7,0.32,29
C. Joseph, SAC, G ,9.8,0.4,72,24.4,6.4,2.6,3.5,0.3,0.7,10.7,450,$12.6M,50.4,0.19,28.3
T. Snell, DET, GF ,9.8,0.35,59,27.8,8,1.9,2.2,0.3,0.5,10.7,450,$12.2M,56.4,0.17,28.1
N. Batum, CHA, F ,9.7,0.42,22,23,3.6,4.5,3,0.4,0.8,22.7,207.4,$1.6M,45.9,0.21,31
D. Dedmon, SAC, C ,9.7,0.55,44,17.6,5.8,5.7,0.5,0.9,0.6,16.7,450,$2.9M,36.5,0.27,30.4
D. Jones, ATL, C ,9.7,0.6,55,16.1,5.6,3.7,0.6,0.7,0.5,25.3,210.5,$-M,35,0.28,24.5
J. Culver, MIN, GF ,9.7,0.41,63,23.9,9.2,3.4,1.7,0.6,0.9,40.7,182.8,$6.1M,51.7,0.19,20.8
T. Davis, TOR, GF ,9.7,0.58,72,16.8,7.5,3.3,1.6,0.2,0.5,43.3,180.1,$1.5M,35.4,0.27,22.6
A. Rivers, HOU, GF ,9.6,0.41,68,23.4,8.8,2.6,1.7,0.1,0.7,27.3,203,$2.4M,50.9,0.19,27.4
F. Korkmaz, PHI, GF ,9.6,0.44,72,21.7,9.8,2.3,1.1,0.2,0.6,20.7,206.8,$1.8M,44.9,0.21,22.4
P. Connaughton, MIL, GF ,9.5,0.51,67,18.6,5.4,4.2,1.6,0.5,0.4,21.3,232.2,$0.0M,41,0.23,27
L. Shamet, LAC, G ,9.5,0.35,53,27.4,9.3,1.9,1.9,0.2,0.4,17.3,239.3,$2.1M,57.7,0.16,22.8
K. Bowman, GSW, G ,9.5,0.42,45,22.6,7.4,2.7,2.9,0.2,1,5.3,450,$1.4M,47,0.2,21.5
J. Toscano-Anderson, GSW, F ,9.5,0.45,13,20.9,5.3,4,2,0.4,1,2,450,$1.5M,43.9,0.22,26.8
M. Harkless, LAC, GF ,9.4,0.41,62,23,5.8,3.9,1.1,0.5,0.9,16,270.4,$0.0M,48.9,0.19,26.6
T. Bradley, UTA, C ,9.4,0.83,58,11.4,4.9,4.6,0.4,0.6,0.2,32.7,203.3,$3.5M,23.8,0.4,21.9
B. Wanamaker, BOS, G ,9.2,0.47,71,19.3,6.9,2,2.5,0.2,0.9,14.7,220.7,$2.3M,40.1,0.23,30.4
C. Hutchison, CHI, F ,9.2,0.49,28,18.8,7.8,3.9,0.9,0.3,1,17.3,450,$2.4M,39.8,0.23,23.7
G. Trent Jr., POR, GF ,9.2,0.42,61,21.8,8.9,1.6,1,0.3,0.8,34,171.2,$1.7M,45.9,0.2,20.9
S. Mykhailiuk, DET, F ,9.2,0.41,56,22.6,9,1.9,1.9,0.1,0.7,22.7,198.1,$1.7M,46.1,0.2,22.5
A. Iguodala, MIA, GF ,9.1,0.46,21,19.9,4.6,3.7,2.4,1,0.7,20,218.5,$15.0M,41.7,0.22,35.9
J. Barea, DAL, G ,9.1,0.59,29,15.5,7.7,1.8,3.9,0.1,0.2,10,450,$1.6M,32,0.28,35.5
S. Thornwell, NOR, GF ,9.1,0.51,2,17.7,8,2,2,0.5,0.5,2,450,$-M,37.5,0.24,25.1
A. Bradley, LAL, G ,9,0.37,49,24.2,8.6,2.3,1.3,0.1,0.9,14.7,230.1,$5.0M,51.1,0.18,29.1
D. Bembry, ATL, G ,9,0.42,43,21.3,5.8,3.5,1.9,0.4,1.3,14,235.8,$-M,45.7,0.2,25.5
J. Layman, MIN, F ,9,0.41,23,22,9.1,2.5,0.7,0.4,0.7,15.3,274.1,$3.8M,48.7,0.18,25.8
G. Allen, MEM, GF ,9,0.48,38,18.9,8.7,2.2,1.4,0.1,0.3,21.3,255.5,$2.5M,40.8,0.22,24.2
J. Ennis III, PHI, F ,8.9,0.48,70,18.4,6.7,3.6,0.9,0.3,0.5,17.3,231.9,$2.1M,38.3,0.23,29.5
W. Hernangomez, CHA, C ,8.9,0.74,31,12.1,6.1,4.3,0.9,0.2,0.3,32,194.2,$-M,24.4,0.36,25.6
M. Williams, CHA, FC ,8.8,0.45,58,19.5,5.9,3.2,1,0.5,0.6,1.3,450,$0.0M,40.4,0.22,33.5
K. Birch, ORL, FC ,8.8,0.46,48,19.2,4.4,4.6,1,0.5,0.4,24.7,215.5,$3.0M,39.3,0.22,27.2
W. Chandler, BKL, F ,8.7,0.41,35,21,5.9,4.1,1.1,0.3,0.5,4,450,$-M,44.1,0.2,32.6
R. Bullock, NYK, GF ,8.7,0.37,29,23.6,8.1,2.3,1.4,0.1,0.9,12.7,249.8,$4.2M,48.4,0.18,28.8
F. Ntilikina, NYK, G ,8.7,0.42,57,20.8,6.3,2.1,3,0.3,0.9,18.7,249.5,$6.2M,42.8,0.2,21.4
F. Mason, MIL, G ,8.7,0.66,9,13.1,6.9,2.1,3.2,0.1,0.6,0.7,450,$-M,29.3,0.3,25.7
J. McDaniels, CHA, F ,8.7,0.47,16,18.3,5.6,4.1,0.8,0.2,0.5,10.7,450,$1.5M,35.9,0.24,21.9
N. Melli, NOR, FC ,8.7,0.5,60,17.4,6.6,3,1.4,0.4,0.6,40.7,207.2,$3.9M,37.9,0.23,28.9
E. Moore, NOR, G ,8.6,0.47,56,18.2,8.3,2.3,1.4,0.2,0.6,10,450,$0.0M,39.4,0.22,30.8
T. Burke, PHI, G ,8.6,0.54,33,15.8,7.4,1.5,2.5,0.1,0.5,24,233.1,$3.0M,32.7,0.26,27.1
C. Felicio, CHI, C ,8.6,0.49,22,17.5,3.9,4.6,0.7,0.1,0.5,9.3,450,$7.5M,36.5,0.23,27.5
I. Hartenstein, HOU, C ,8.6,0.75,23,11.6,4.7,3.9,0.8,0.5,0.4,24.7,201.1,$1.6M,24.9,0.35,21.6
D. Eubanks, SAS, C ,8.6,0.69,22,12.4,4.9,3.9,0.7,0.8,0.2,18,203,$-M,26.6,0.32,22.9
B. Bol, DEN, F ,8.6,0.59,6,14.5,6.7,3.2,1,1,0.3,60.7,159.1,$2.1M,29.2,0.29,20.1
K. O'Quinn, PHI, C ,8.5,0.78,29,10.8,3.5,4,1.8,0.8,0.2,16,450,$0.0M,22.5,0.38,29.7
M. Scott, PHI, F ,8.4,0.47,68,17.7,6,3.6,0.8,0.1,0.3,13.3,277,$5.0M,36.7,0.23,31.4
A. Pasecniks, WAS, C ,8.4,0.5,26,16.8,6,4.1,0.7,0.5,0.3,9.3,450,$1.5M,36,0.23,24
K. Williams, NOR, F ,8.4,0.4,39,21.3,3.5,4.8,1.5,0.5,0.7,8.7,450,$0.0M,45.9,0.18,25.1
W. Matthews, MIL, GF ,8.3,0.34,67,24.4,7.4,2.5,1.4,0.1,0.6,20.7,223,$3.6M,53.7,0.16,33.2
T. Luwawu-Cabarrot, BKL, GF ,8.3,0.46,47,18.1,7.8,2.7,0.6,0.1,0.4,11.3,269.2,$1.8M,38.8,0.21,24.6
I. Bonga, WAS, F ,8.3,0.44,66,18.9,5,3.4,1.2,0.3,0.7,10.7,450,$1.7M,40.7,0.2,20.1
E. Mudiay, UTA, G ,8.2,0.52,54,15.7,7.3,2.3,2.1,0.2,0.4,15.3,450,$0.0M,32.7,0.25,23.8
J. Hernangomez, DEN, FC ,8.2,0.47,48,17.4,6,4.1,0.8,0.2,0.4,46,153.3,$0.0M,37.3,0.22,24.2
T. Craig, DEN, GF ,8.2,0.44,58,18.5,5.4,3.3,0.8,0.6,0.4,15.3,283,$-M,37.5,0.22,29
K. Bates-Diop, MIN, F ,8.1,0.48,44,16.9,6.5,2.9,0.7,0.5,0.4,8.7,450,$-M,35.8,0.23,23.9
H. Diallo, OKL, F ,8.1,0.42,46,19.5,6.9,3.6,0.8,0.2,0.8,21.3,231.2,$1.7M,40.7,0.2,21.4
C. Martin, CHA, GF ,8.1,0.43,48,18.8,5,3.3,2,0.2,0.8,15.3,450,$1.5M,37.6,0.22,24.2
D. Hall, DET, C ,8.1,0.55,9,14.8,4.3,4.2,0.4,0.7,0.3,5.3,450,$-M,32.6,0.25,22.4
A. Aminu, ORL, F ,8,0.38,18,21.1,4.3,4.8,1.2,0.4,1,8,450,$9.7M,43.1,0.19,29.3
D. Bazley, OKL, F ,8,0.43,61,18.5,5.6,4,0.7,0.7,0.4,58.7,146.4,$2.4M,38.4,0.21,19.5
J. Poole, GSW, G ,8,0.36,57,22.3,8.8,2.1,2.4,0.2,0.6,14.7,215.8,$2.1M,46.9,0.17,20.5
J. Martin, BKL, G ,8,0.73,9,11,7.1,1.1,2,0.2,0.8,1.3,450,$0.0M,25.6,0.31,23.5
J. Pargo, GSW, G ,7.9,0.54,3,14.8,8.3,1,2.7,0,0.3,0.7,450,$-M,32,0.25,33.8
S. Hill, MEM, F ,7.9,0.43,59,18.4,5.5,2.8,1.8,0.2,0.7,8,450,$1.6M,39.6,0.2,28.8
A. Simons, POR, G ,7.9,0.38,70,20.7,8.3,2.2,1.4,0.1,0.4,22,253.8,$2.3M,43.5,0.18,20.5
D. Gafford, CHI, C ,7.8,0.55,43,14.2,5.1,2.5,0.5,1.3,0.3,28.7,198.6,$1.5M,29.3,0.27,21.2
T. Johnson, PHO, G ,7.7,0.42,39,18.2,7,1.9,1.9,0.2,0.4,6,450,$1.6M,39.5,0.2,27.6
C. Martin, CHA, GF ,7.7,0.44,18,17.6,6.2,2.1,1.3,0.4,0.7,7.3,450,$1.5M,34.7,0.22,24.2
K. Korver, MIL, F ,7.6,0.46,58,16.5,6.7,2.1,1.2,0.2,0.4,8,450,$0.0M,36.6,0.21,38.8
W. Iwundu, ORL, F ,7.6,0.41,53,18.6,6,2.6,1.2,0.2,0.5,8.7,450,$1.7M,38.1,0.2,25
L. Kornet, CHI, C ,7.6,0.49,36,15.5,6,2.3,0.9,0.7,0.3,12.7,450,$2.3M,32.3,0.24,24.4
L. Samanic, SAS, FC ,7.6,0.47,3,16.1,5.3,3.3,2,0.7,0,20,238.1,$2.8M,34.7,0.22,19.9
P. McCaw, TOR, GF ,7.5,0.3,37,24.5,4.6,2.3,2.1,0.1,1.1,7.3,450,$4.0M,51.2,0.15,24.2
A. Caruso, LAL, G ,7.5,0.41,64,18.4,5.5,1.9,1.9,0.3,1.1,24,201.4,$2.8M,38.7,0.19,25.8
C. Chiozza, WAS, G ,7.5,0.52,28,14.3,5.1,1.9,3,0.1,0.8,2,450,$1.6M,31.3,0.24,24.1
K. Martin, MIN, F ,7.5,0.47,31,16,6.4,3.1,0.7,0.3,0.2,1.3,450,$1.4M,34.8,0.22,24.4
M. Hezonja, POR, F ,7.4,0.45,53,16.4,4.8,3.5,0.9,0.2,0.7,12.7,450,$2.0M,35,0.21,24.8
D. Valentine, CHI, GF ,7.4,0.55,36,13.6,6.8,2.1,1.2,0.2,0.7,18.7,243.3,$4.6M,28.1,0.26,26.1
G. Payton II, WAS, G ,7.3,0.49,29,14.9,3.9,2.8,1.7,0.2,1.1,4,450,$0.0M,31.8,0.23,27.1
S. Brown, MIL, GF ,7.2,0.49,52,14.7,5.1,3.5,1,0.1,0.6,15.3,450,$1.6M,32.7,0.22,24.9
J. Carter, PHO, G ,7.2,0.44,58,16.3,4.9,2,1.4,0.3,0.8,9.3,450,$0.0M,34.8,0.21,24.3
J. Williams, WAS, F ,7.2,0.6,15,12,3,4.3,0.5,0.5,0.1,1.3,450,$-M,25.2,0.29,24.6
L. Dort, OKL, GF ,7.2,0.32,36,22.8,6.8,2.3,0.8,0.1,0.9,39.3,167.5,$1.5M,47.1,0.15,20.7
B. Knight, CLE, G ,7.1,0.38,25,18.5,7.3,1.6,2.8,0.1,0.4,2,450,$-M,37.6,0.19,28.1
D. Dotson, NYK, G ,7.1,0.41,48,17.4,6.7,1.9,1.2,0.1,0.5,7.3,450,$2.0M,35.9,0.2,25.6
S. Harrison, CHI, F ,7.1,0.63,43,11.3,4.9,2,1.1,0.4,0.8,6,450,$-M,23.7,0.3,26.2
L. Walker, SAS, GF ,7.1,0.43,62,16.4,6.5,2.4,1.1,0.2,0.5,36,187.1,$2.9M,34.8,0.2,21
M. Thybulle, PHI, GF ,7.1,0.36,65,19.8,4.7,1.6,1.2,0.7,1.4,28.7,194,$2.7M,41.3,0.17,22.8
B. Fernando, ATL, C ,7.1,0.56,56,12.7,4.3,3.5,0.9,0.3,0.3,20,241.7,$1.5M,27.8,0.26,21.3
J. Sampson, IND, F ,7,0.5,34,13.8,4.6,2.6,0.6,0.4,0.5,6,450,$1.6M,29.1,0.24,26.8
D. Nwaba, BKL, GF ,7,0.52,20,13.4,5.2,2.3,0.4,0.6,0.6,6,450,$1.8M,28.7,0.24,26.9
P. Dozier, DEN, G ,7,0.49,29,14.2,5.8,1.9,2.2,0.2,0.5,9.3,450,$1.8M,29,0.24,23.2
N. Vonleh, MIN, C ,6.9,0.66,36,10.5,3.7,3.4,0.8,0.2,0.3,20.7,248.5,$1.6M,22.8,0.3,24.3
C. Diallo, PHO, C ,6.9,0.68,47,10.2,4.7,2.8,0.5,0.3,0.2,19.3,248.1,$1.8M,21.7,0.32,23.3
K. Knox, NYK, F ,6.9,0.38,65,17.9,6.4,2.8,0.9,0.4,0.4,31.3,198.5,$4.6M,37.2,0.19,20.4
N. Claxton, BKL, FC ,6.9,0.55,15,12.5,4.4,2.9,1.1,0.5,0.1,20,450,$1.5M,26.9,0.26,20.7
T. Maker, DET, C ,6.8,0.53,60,12.9,4.7,2.8,0.7,0.7,0.4,20.7,246.4,$1.6M,26.6,0.26,22.8
B. Goodwin, ATL, G ,6.8,0.54,34,12.7,6.1,2.1,1.5,0.1,0.4,5.3,450,$1.7M,27.5,0.25,24.2
A. Nader, OKL, F ,6.7,0.42,55,15.8,6.3,1.8,0.7,0.4,0.4,2.7,450,$1.8M,32.7,0.2,26.2
S. Doumbouya, DET, F ,6.7,0.34,38,19.8,6.4,3.1,0.5,0.2,0.5,29.3,222.9,$3.4M,40.2,0.17,19
J. Crawford, BKL, G ,6.5,1.09,1,6,5,0,3,0,0,2,450,$-M,14,0.46,39.8
M. Belinelli, SAS, GF ,6.5,0.42,57,15.5,6.3,1.7,1.2,0,0.2,4.7,450,$0.0M,32.9,0.2,33.7
R. Lopez, MIL, C ,6.5,0.45,66,14.5,5.4,2.4,0.7,0.7,0.2,20.7,177,$0.0M,32.1,0.2,31.7
A. Zizic, CLE, C ,6.5,0.65,22,10,4.4,3,0.3,0.2,0.3,4,450,$-M,20.6,0.32,23
J. Jackson, DAL, F ,6.5,0.4,65,16.1,5.5,2.4,0.8,0.2,0.2,12.7,450,$5.0M,33.4,0.19,24.7
R. Kurucs, BKL, F ,6.5,0.45,47,14.5,4.6,2.9,1.1,0.1,0.5,13.3,450,$1.8M,31.6,0.21,21.9
C. Miles, WAS, F ,6.4,0.4,10,16.1,6.4,1.2,1.2,0.4,1,0,450,$-M,34.8,0.18,32.8
G. Niang, UTA, F ,6.4,0.46,66,14,5.9,1.9,0.7,0.1,0.3,8,450,$1.8M,29,0.22,26.5
P. Patterson, LAC, FC ,6.3,0.48,59,13.2,4.9,2.6,0.7,0.1,0.1,8,450,$0.7M,28.2,0.22,30.8
M. Muscala, OKL, C ,6.3,0.52,47,12.2,4.8,2.3,0.9,0.3,0.2,19.3,229.6,$2.3M,26,0.24,28.5
K. Looney, GSW, C ,6.2,0.47,20,13.1,3.4,3.3,1,0.3,0.6,28,216.6,$4.8M,27.7,0.22,23.9
R. Arcidiacono, CHI, G ,6.2,0.38,58,16,4.5,1.9,1.7,0.1,0.5,6,450,$3.0M,33.7,0.18,25.7
D. Smith Jr., NYK, G ,6.2,0.39,34,15.8,5.5,2.3,2.9,0.2,0.8,29.3,217.7,$5.7M,32.7,0.19,22.1
A. Trier, NYK, G ,6.2,0.51,24,12.1,6.5,1.2,1.2,0.2,0.1,2,450,$-M,25.8,0.24,23.9
J. Konchar, MEM, G ,6.2,0.66,19,9.5,2.8,2.5,1.2,0.2,0.4,2.7,450,$2.1M,20.3,0.31,23.7
T. Horton-Tucker, LAL, GF ,6.1,0.45,6,13.5,5.7,1.2,1,0.2,1.3,24,173.9,$1.5M,29.7,0.21,19.1
A. McKinnie, CLE, F ,6,0.4,40,14.8,4.6,2.8,0.4,0.2,0.6,2.7,450,$1.8M,30.9,0.19,27.3
G. Clark, HOU, F ,6,0.44,42,13.5,3.7,2.6,0.4,0.5,0.1,2,450,$0.0M,28.3,0.21,25.1
R. Broekhoff, DAL, F ,6,0.56,17,10.6,4.2,2.5,0.6,0.2,0.3,1.3,450,$-M,22.1,0.27,29.3
G. Mathews, WAS, GF ,6,0.48,18,12.6,5.4,1.3,0.6,0.1,0.4,1.3,450,$-M,26.5,0.23,23.2
R. Neto, PHI, G ,5.9,0.47,54,12.4,5.1,1.1,1.8,0.1,0.4,6.7,450,$0.0M,26,0.23,27.6
E. Sumner, IND, G ,5.9,0.41,31,14.4,4.9,1.5,1.8,0.3,0.5,6,450,$2.2M,30.1,0.2,24
J. Robinson, LAC, G ,5.9,0.38,63,15.5,5.1,2,1.4,0.3,0.4,11.3,450,$3.7M,33.7,0.17,22.8
N. Alexander-Walker, NOR, GF ,5.9,0.47,47,12.6,5.7,1.8,1.9,0.2,0.4,29.3,198.2,$3.1M,27.4,0.21,21.3
G. Williams, BOS, F ,5.9,0.39,69,15.1,3.4,2.6,1,0.5,0.4,18,181.3,$2.5M,31.6,0.19,21.1
J. Noah, LAC, C ,5.8,0.57,5,10,2.8,3.2,1.4,0.2,0.2,0,450,$6.4M,21.6,0.27,34.8
W. Ellington, NYK, G ,5.8,0.37,36,15.5,5.1,1.8,1.2,0.1,0.4,1.3,450,$1.6M,32,0.18,32.1
T. Frazier, DET, G ,5.8,0.44,27,13.1,3.6,1.2,3.4,0.1,0.5,1.3,450,$-M,27.6,0.21,29.1
D. Bacon, CHA, GF ,5.8,0.33,39,17.6,5.7,2.6,1.3,0.1,0.6,14.7,242.3,$-M,35.9,0.16,24.3
V. Carter, ATL, F ,5.7,0.39,60,14.6,5,2.1,0.8,0.4,0.4,0.7,450,$-M,31.5,0.18,42.9
D. Exum, UTA, GF ,5.7,0.41,35,13.9,4.5,1.9,1.1,0.2,0.4,11.3,450,$9.6M,29.2,0.2,24.4
T. Graham, MIN, GF ,5.7,0.34,55,16.9,4.4,2.7,0.8,0.1,0.4,4.7,450,$-M,36.5,0.16,26.1
K. Allen, NYK, G ,5.7,0.48,10,11.7,5,0.9,2.1,0.2,0.5,0,450,$-M,24.9,0.23,26.9
E. Okobo, PHO, G ,5.7,0.44,55,13.1,4,1.6,2.1,0.1,0.4,4.7,450,$1.7M,27.7,0.21,22.2
C. Silva, MIA, FC ,5.7,0.72,44,7.9,3,2.9,0.5,0.5,0.2,18,197.6,$1.5M,16.6,0.34,23.3
A. Tolliver, POR, FC ,5.6,0.35,55,15.9,3.6,2.8,0.8,0.2,0.3,4.7,450,$0.0M,34,0.16,34.6
C. Lee, DAL, F ,5.6,0.39,24,14.4,4.5,1.3,0.5,0.3,0.8,0.7,450,$1.6M,30.4,0.18,34.2
E. Davis, UTA, C ,5.6,0.51,28,10.8,1.8,3.8,0.4,0.3,0.4,21.3,213.9,$5.0M,22.6,0.25,30.5
C. Swanigan, SAC, C ,5.6,0.53,27,10.7,2.4,3.7,1.1,0.3,0.1,2.7,450,$0.0M,22.9,0.25,22.7
A. Smailagic, GSW, C ,5.6,0.57,14,9.9,4.2,1.9,0.9,0.3,0.2,10.7,450,$1.5M,21.3,0.27,19.3
U. Haslem, MIA, FC ,5.5,0.49,4,11,3,4,0.3,0,0,2.7,450,$0.0M,23.8,0.23,39.5
I. Shumpert, BKL, GF ,5.5,0.29,13,18.5,4.2,2.6,0.9,0.2,0.9,0,450,$-M,38.3,0.14,29.5
F. Jackson, NOR, G ,5.5,0.41,59,13.5,6.3,1.4,1,0.1,0.3,5.3,450,$0.0M,29.7,0.18,21.6
N. Pelle, PHI, C ,5.5,0.57,24,9.7,2.4,3,0.3,1.3,0.1,3.3,450,$1.5M,20.2,0.27,26.9
A. Roberson, OKL, GF ,5.4,0.43,7,12.4,2.9,3.9,0.6,0.4,0.1,2.7,450,$0.0M,26.6,0.2,28
A. Crabbe, ATL, GF ,5.4,0.31,37,17.6,4.6,2.1,0.9,0.1,0.4,0.7,450,$-M,38.6,0.14,27.7
M. Dellavedova, CLE, G ,5.4,0.38,57,14.4,3.1,1.3,3.2,0,0.4,3.3,450,$1.6M,29.8,0.18,29.3
M. Thomas, TOR, G ,5.4,0.51,41,10.7,4.9,1.5,0.5,0,0.2,6,450,$1.5M,23.1,0.23,25.4
R. McGruder, LAC, GF ,5.3,0.34,56,15.6,3.3,2.7,0.6,0.1,0.5,6,450,$5.2M,33.3,0.16,28.4
T. Fall, BOS, C ,5.3,1.13,7,4.6,3.3,2.1,0.1,0.6,0.1,19.3,180.2,$0.0M,10,0.53,24
R. Anderson, HOU, C ,5.2,0.74,2,7,2.5,3.5,1,0,0.5,2,450,$5.2M,16.5,0.32,31.6
J. Bell, MIN, FC ,5.2,0.59,29,8.8,3.2,2.8,0.6,0.3,0.1,10.7,450,$0.6M,19.3,0.27,25
D. Musa, BKL, F ,5.2,0.43,40,12.2,4.8,2.2,1.1,0,0.4,10,450,$2.0M,26.4,0.2,20.6
D. Carroll, SAS, F ,5.1,0.42,24,12.1,3.6,2.3,1,0.2,0.3,6.7,450,$6.1M,26.2,0.19,33.4
Z. Cheatham, NOR, F ,5.1,0.4,4,12.8,3,2.3,0.8,0.3,0.3,0.7,450,$-M,26.8,0.19,24.1
E. Turner, ATL, G ,5,0.38,19,13.2,3.3,2,2,0.4,0.5,3.3,450,$0.0M,28.6,0.18,31.2
N. Little, POR, F ,5,0.42,48,11.9,3.6,2.3,0.5,0.3,0.3,15.3,450,$2.2M,25.5,0.2,19.9
B. Caboclo, MEM, C ,4.9,0.6,30,8.1,3,2,0.4,0.6,0.5,16,239.3,$2.0M,18.2,0.27,24.2
Y. Ferrell, SAC, G ,4.9,0.46,50,10.6,4.4,1,1.4,0.1,0.4,2,450,$0.0M,22,0.22,26.6
S. Ojeleye, BOS, F ,4.9,0.34,69,14.6,3.4,2.1,0.5,0.1,0.3,4.7,450,$1.8M,30.4,0.16,25
J. Wright-Foreman, UTA, G ,4.9,0.43,4,11.3,4.8,1.3,1.8,0,0.5,1.3,450,$-M,23.5,0.21,22.1
J. Green, BOS, GF ,4.9,0.5,48,9.7,3.4,1.9,0.5,0.2,0.5,2.7,450,$1.5M,20.6,0.24,26.4
Q. Cook, LAL, G ,4.8,0.42,44,11.5,5.1,1.2,1.1,0,0.3,5.3,450,$1.0M,24.9,0.19,26.7
D. Wilson, MIL, FC ,4.8,0.48,37,9.8,3.6,2.5,0.7,0.1,0.1,8,450,$4.5M,22,0.22,23.8
D. Jeffries, SAC, GF ,4.8,0.45,13,10.9,3.8,1.4,0.5,0.1,0.3,0.7,450,$-M,23.8,0.2,22.3
T. Sefolosha, HOU, F ,4.7,0.44,41,10.6,2.2,2.3,0.6,0.3,0.6,2,450,$0.0M,23.3,0.2,35.6
C. Metu, SAS, FC ,4.7,0.81,18,5.8,3.2,1.8,0.6,0.3,0.2,4.7,450,$1.7M,12.6,0.38,22.7
G. Bitadze, IND, C ,4.7,0.54,54,8.7,3.2,2,0.4,0.7,0.2,30,224,$3.0M,18.6,0.25,20.4
J. Brantley, UTA, F ,4.7,0.44,9,10.7,2.7,2.2,1.2,0.6,0.3,2,450,$-M,22.3,0.21,23.5
M. Guduric, MEM, GF ,4.7,0.43,44,11,3.9,1.7,1,0.2,0.3,4.7,450,$2.8M,24.1,0.19,24.8
T. Ferguson, OKL, F ,4.6,0.2,56,22.5,3.9,1.3,0.9,0.3,0.5,6,450,$3.9M,46.3,0.1,21.6
D. Hannahs, MEM, G ,4.6,0.68,2,6.7,6,0.5,0,0,0,0,450,$-M,15,0.3,26.3
C. Clemons, HOU, G ,4.6,0.53,33,8.8,4.9,0.9,0.8,0.2,0.3,6,450,$1.5M,19.4,0.24,22.4
J. Hoard, POR, GF ,4.6,0.58,13,7.9,2.9,2.5,0.3,0,0.4,2,450,$-M,16.9,0.27,20.7
T. Leaf, IND, FC ,4.5,0.57,28,7.9,3,2.5,0.3,0.1,0.4,17.3,235.9,$4.3M,16.8,0.27,22.6
J. Grant, WAS, G ,4.4,0.33,6,13.4,4.5,1,1.5,0.2,0.2,1.3,450,$1.9M,28.5,0.15,27.2
J. Evans, GSW, G ,4.4,0.3,29,14.4,4.4,1.4,1.1,0.4,0.4,3.3,450,$2.0M,30.6,0.14,22.5
A. Johnson, IND, F ,4.4,0.63,17,6.9,2,2.8,0.4,0.1,0.2,1.3,450,$0.0M,15.2,0.29,23.7
P. Watson, ATL, F ,4.4,0.51,10,8.7,3.1,1.7,0.8,0.1,0.4,1.3,450,$0.0M,19.3,0.23,25
T. Jerome, PHO, GF ,4.3,0.41,31,10.6,3.3,1.5,1.4,0.1,0.5,12,450,$2.3M,22.7,0.19,22.5
J. Nowell, MIN, G ,4.3,0.43,15,10.1,3.8,0.9,1.3,0.1,0.2,1.3,450,$1.5M,22.1,0.19,20.4
M. Oni, UTA, GF ,4.3,0.4,10,10.9,3.5,1.7,0.4,0.2,0.4,4,450,$1.5M,23,0.19,22.4
T. Pinson, BKL, G ,4.2,0.38,33,11.1,3.6,1.6,1.7,0.1,0.5,2,450,$1.7M,23.5,0.18,24.1
T. Chandler, HOU, C ,4.1,0.49,26,8.4,1.3,2.5,0.2,0.3,0.2,6,450,$0.0M,18.7,0.22,37.2
M. Kidd-Gilchrist, CHA, F ,4,0.35,25,11.2,2.4,2.7,0.6,0.2,0.1,4.7,450,$-M,23.3,0.17,26.2
N. Mitrou-Long, IND, G ,4,0.43,5,9.4,2.8,1.4,1.6,0.2,0.2,0,450,$1.6M,20,0.2,26.4
T. Mann, LAC, GF ,4,0.46,41,8.8,2.4,1.3,1.3,0.1,0.3,9.3,450,$1.5M,19.3,0.21,23.2
T. Daniels, LAL, GF ,3.9,0.35,47,11.3,4.3,1.1,0.4,0.1,0.2,2,450,$-M,24.2,0.16,28.4
V. Poirier, BOS, C ,3.9,0.63,21,6.2,2,2,0.4,0.4,0.1,10,450,$2.6M,13.2,0.29,26.2
L. Thomas, BKL, F ,3.8,0.27,7,14,3.4,1.9,0.9,0,0,0,450,$-M,32.1,0.12,31.7
J. Anderson, BKL, GF ,3.7,0.35,10,10.7,2.8,2.1,0.8,0.6,0,0.7,450,$-M,24.8,0.15,26.1
M. Kabengele, LAC, C ,3.7,0.68,12,5.4,3.5,0.9,0.2,0.2,0.2,14.7,450,$2.1M,12.3,0.3,22.4
A. Schofield, WAS, F ,3.7,0.33,33,11.2,3,1.4,0.5,0.1,0.2,7.3,450,$1.5M,24.3,0.15,22.7
T. Waters, BOS, G ,3.5,0.33,11,10.8,3.6,1.1,1.5,0.2,0.9,5.3,450,$0.0M,22.5,0.16,21.9
D. Hernandez, TOR, C ,3.5,0.74,6,4.7,2.3,2.3,0.5,0,0.2,3.3,450,$1.5M,10.2,0.34,23
C. Parsons, ATL, F ,3.4,0.31,5,10.8,2.8,1.4,0.6,0.2,0.8,0,450,$-M,23.6,0.14,31.2
W. Gabriel, SAC, F ,3.4,0.43,30,7.8,2.1,1.7,0.3,0.2,0.4,1.3,450,$0.0M,16.9,0.2,22.7
B. Johnson, ORL, F ,3.4,0.37,11,9.3,3.5,2,0.4,0,0.4,0.7,450,$-M,19.2,0.18,24
C. Edwards, BOS, G ,3.4,0.36,37,9.5,3.3,1.3,0.6,0.1,0.3,12.7,450,$1.5M,20.1,0.17,21.8
D. Wade, CLE, F ,3.4,0.57,12,6,1.7,1.6,0.2,0.3,0.2,1.3,450,$1.5M,12.5,0.27,23.1
T. Antetokounmpo, MIL, GF ,3.3,0.51,20,6.4,2.8,1.2,0.8,0.1,0.4,7.3,450,$1.7M,14.6,0.22,27.4
C. Randle, GSW, G ,3.3,0.25,3,13.5,1.7,0.7,1.7,0,0.7,0.7,450,$-M,26.7,0.13,26.9
A. Coffey, LAC, F ,3.3,0.37,18,8.8,3.2,0.9,0.8,0.1,0.3,1.3,450,$0.0M,19.1,0.17,22.5
T. Wallace, ATL, G ,3.2,0.28,14,11.5,2.9,1.6,0.9,0.1,0.5,0,450,$-M,24.7,0.13,25.5
A. Mokoka, CHI, GF ,3.2,0.32,11,10.2,2.9,0.9,0.4,0,0.4,0.7,450,$0.0M,21.4,0.15,21.4
R. Tucker, UTA, GF ,3.2,0.38,19,8.5,3.3,1.1,0.3,0.1,0.1,2.7,450,$1.4M,17.6,0.18,22.2
S. Johnson, TOR, F ,3.1,0.52,25,6,2.4,1.5,0.8,0.2,0.2,6,450,$3.8M,13,0.24,23.6
D. Walton Jr., LAC, G ,3.1,0.33,26,9.5,2,0.6,1,0,0.3,0,450,$-M,20.7,0.15,24.7
J. Dudley, LAL, F ,3,0.37,45,8.1,1.5,1.2,0.6,0.1,0.3,0.7,450,$1.6M,17.4,0.17,34.5
J. Motley, LAC, F ,3,0.96,13,3.2,2.2,0.8,0.6,0,0.2,2.7,450,$-M,7.3,0.41,24.6
R. Langford, BOS, GF ,3,0.26,32,11.6,2.5,1.3,0.4,0.3,0.3,13.3,450,$3.6M,24.3,0.12,20.2
M. Bolden, CLE, C ,3,1.07,1,2.8,0,2,0,0,1,0,450,$1.4M,6,0.5,21.7
J. James, SAC, GF ,2.9,0.43,35,6.6,2.5,0.9,0.5,0.3,0.2,3.3,450,$1.5M,13.9,0.2,22.9
S. Ponds, TOR, G ,2.9,1.09,4,2.6,2.3,0.3,0.5,0.3,0,0,450,$-M,5.8,0.5,21.5
J. Morgan, UTA, FC ,2.9,0.45,21,6.4,1.7,1.4,0.3,0.1,0,3.3,450,$1.5M,13.7,0.21,22.7
C. Brewer, SAC, F ,2.8,0.43,5,6.5,1,1.6,0.4,0,0.8,0,450,$0.0M,14.4,0.19,33.8
D. Burton, OKL, GF ,2.8,0.31,39,9.1,2.7,1.5,0.4,0.3,0.2,0.7,450,$0.0M,19.4,0.15,25.9
M. Strus, CHI, G ,2.8,0.88,2,3.1,2.5,0.5,0,0,0,0,450,$-M,6.5,0.42,23.7
T. Cook, CLE, FC ,2.7,0.65,13,4.2,1.8,1.1,0.1,0,0.2,2,450,$-M,9.1,0.3,22.2
O. Brissett, TOR, F ,2.7,0.37,19,7.1,1.9,1.4,0.4,0.1,0.2,1.3,450,$-M,14.8,0.18,21.5
J. Uthoff, MEM, F ,2.6,0.34,7,7.6,2.7,0.9,0,0,0.1,0,450,$-M,16,0.16,26.6
Y. Watanabe, MEM, F ,2.6,0.45,18,5.8,2,1.1,0.3,0.1,0.3,0,450,$-M,12.9,0.2,25.2
K. Okpala, MIA, F ,2.5,0.49,5,5.2,1.4,1,0.2,0.2,0.4,8.7,450,$1.5M,11,0.23,20.6
M. Shayok, PHI, G ,2.4,0.34,4,7,2.8,1.8,0.3,0.3,0,0,450,$0.0M,15.8,0.15,24.4
J. Reaves, DAL, F ,2.4,0.34,4,7.1,2,0.8,0.8,0,0,0,450,$-M,14.5,0.17,22.5
M. Frazier Jr., ORL, G ,2.3,0.34,19,6.6,2.1,0.5,0.2,0.1,0.5,1.3,450,$1.7M,13.9,0.16,23.3
L. King, DET, F ,2.3,0.36,10,6.2,2,1,0.5,0,0.2,0.7,450,$0.0M,12.8,0.18,20.7
Z. Norvell Jr., LAL, GF ,2.3,0.28,5,8.2,2,1.2,0.6,0,0.4,0.7,450,$1.4M,17.8,0.13,22
J. Bolden, PHI, FC ,2.2,0.33,7,6.7,1.4,1.3,0,0.3,0.4,1.3,450,$-M,14.9,0.15,24
K. Hervey, OKL, FC ,2.2,0.42,10,5.2,1.7,1.2,0.5,0.1,0.1,1.3,450,$-M,11.4,0.19,23.4
T. Zeller, SAS, C ,2.1,1.09,2,1.9,1,2,0,0,0,0,450,$2.4M,4.5,0.47,29.9
K. Antetokounmpo, LAL, FC ,2.1,0.52,5,4,1.4,0.6,0.4,0,0,6,450,$0.0M,8.8,0.24,21.6
V. Law, ORL, F ,2.1,0.27,8,7.7,1.9,1.4,0.4,0,0.3,0,450,$-M,15.9,0.13,24
J. Robinson, WAS, G ,2,0.37,9,5.4,1.4,0.6,0.8,0.1,0,0.7,450,$-M,12,0.16,24.2
J. Patton, OKL, C ,1.9,0.4,5,4.8,1.8,1,0.4,0,0,2.7,450,$1.8M,10.8,0.18,22.5
N. Williams-Goss, UTA, G ,1.9,0.38,10,5,1.4,0.6,0.6,0.1,0.3,1.3,450,$1.5M,10.6,0.18,25.3
Q. Weatherspoon, SAS, G ,1.9,0.24,10,7.8,1.2,0.7,1.1,0.1,0.3,2,450,$-M,17.4,0.11,23.3
J. Smith, LAL, F ,1.8,0.14,6,13.2,2.8,0.8,0.5,0,0.2,4,450,$1.5M,28.8,0.06,34.3
C. Brown Jr., ATL, GF ,1.8,0.44,10,4,2,0.4,0.2,0.2,0.2,1.3,450,$-M,9.3,0.19,21.9
T. Owens, PHO, FC ,1.8,0.35,3,5.1,1.3,1,0,0,0.3,0.7,450,$-M,11.3,0.16,23.5
K. Alexander, MIA, F ,1.8,0.27,2,6.7,1,1.5,0,0,0,0,450,$-M,14.5,0.12,23.2
M. Brown, POR, C ,1.8,0.48,9,3.6,1.2,1.6,0.1,0.1,0.1,3.3,450,$-M,8,0.22,20.2
G. Vincent, MIA, G ,1.8,0.19,9,9.2,2.4,0.6,0.7,0,0.6,1.3,450,$-M,19.3,0.09,23.5
L. Mbah a Moute, HOU, F ,1.7,0.2,3,8.2,1.7,0.7,0,0,0.7,0,450,$-M,19,0.09,33.3
J. Magette, ORL, G ,1.7,0.36,8,4.7,1.5,0.8,0.6,0.1,0.4,0.7,450,$-M,10,0.17,30.1
V. Cancar, DEN, F ,1.7,0.51,14,3.2,1.2,0.7,0.2,0.1,0.1,2.7,450,$1.5M,7.1,0.24,22.7
M. Miller, TOR, GF ,1.7,0.3,28,5.8,1.3,0.6,0.4,0.1,0.2,0,450,$0.0M,12.5,0.14,26.8
J. Vanderbilt, DEN, F ,1.7,0.39,11,4.2,1.1,0.8,0.2,0.1,0.3,7.3,450,$1.7M,9.1,0.18,20.7
D. Hall, OKL, G ,1.7,0.23,11,7.3,1.8,0.6,1.2,0.1,0.4,0,450,$-M,15.8,0.11,24.5
M. Mooney, CLE, G ,1.7,0.36,4,4.7,0.5,0.8,0.3,0.3,0.5,1.3,450,$0.0M,9.8,0.17,22.9
A. Jefferson, ORL, F ,1.6,0.39,18,4.1,0.8,1.3,0.2,0.2,0.1,0.7,450,$1.6M,8.8,0.18,26.6
J. Lecque, PHO, G ,1.5,0.24,5,6.3,2,0.4,0.4,0,0,6.7,450,$1.5M,13.8,0.11,19.5
I. Brazdeikis, NYK, F ,1.4,0.23,9,5.9,1.9,0.6,0.4,0.1,0,5.3,450,$1.5M,12.7,0.11,20.9
K. Thomas, DET, GF ,1.3,0.17,8,7.7,2.1,0.1,0.4,0,0.4,0.7,450,$0.7M,15.4,0.09,23.6
K. Guy, SAC, G ,1.3,0.41,3,3.2,1.3,0.3,0.3,0,0,2,450,$0.0M,7.7,0.17,22.4
B. Bowen II, IND, GF ,1.3,0.25,6,5.2,1,1.2,0,0.2,0,0,450,$0.0M,11.2,0.12,21.2
M. Frazier, HOU, GF ,1.2,0.11,13,11.1,2.1,0.8,0.2,0,0.2,0,450,$-M,25.3,0.05,25.8
J. Bone, DET, G ,1.2,0.22,10,5.3,1.2,0.4,0.8,0,0.1,0.7,450,$-M,10.7,0.11,22.1
A. Cleveland, DAL, GF ,1.1,0.26,11,4.2,1,0.6,0.1,0.3,0.1,0,450,$-M,9,0.12,25.9
H. Ellenson, BKL, FC ,1,0.33,5,3,0.4,1.2,0.2,0,0,2.7,450,$-M,6.8,0.15,22.9
Z. Smith, PHI, GF ,0.7,0.15,7,4.6,1.1,0.3,0.3,0,0.4,5.3,450,$1.1M,10.3,0.07,20.5
J. Gray, NOR, G ,0.2,0.02,2,11.4,1,1,1,0,0,0.7,450,$-M,23,0.01,26.3
D. Macon, MIA, G ,0.1,0.04,4,3.5,0.8,0,0.3,0,0,0,450,$-M,7.8,0.02,24.1
I. Roby, OKL, F ,0.1,0.02,3,3.8,0,0.7,0,0,0,0.7,450,$1.5M,9,0.01,21.9
J. Macura, CLE, G ,0,0,1,0.6,0,0,0,0,0,0,450,$-M,2,0,24.5
J. Chealey, CHA, G ,-0.1,-0.01,4,8.4,0.5,0,0.3,0,1,0,450,$-M,17,0,24.1
J. Harper, PHO, G ,-0.1,-0.03,3,2.6,0.7,0,0,0,0,0.7,450,$-M,6.3,-0.01,22.3
S. Kidd, UTA, GF ,-0.1,-0.02,4,3.8,0,0.8,0.3,0,0,0,450,$-M,8.3,-0.01,27.8
W. Howard, HOU, F ,-0.4,-0.06,2,6.6,0,1,0.5,0,0,0,450,$-M,14,-0.03,26.2
M. Newman, CLE, G ,-0.5,-0.14,1,3.7,2,0,0,0,0,0,450,$-M,8,-0.06,22.8
